stn,stn_nam,network,lat,lon,ele,styr,enyr,per_na_prcp,per_na_tmin,per_na_tmax
08GA071,ELAHO RIVER NEAR THE MOUTH,FRBC,50.119,-123.436,NA,2000,2011,5.851,100,100
08GE003,ICY CREEK NEAR THE MOUTH,FRBC,51.228,-125.671,NA,1998,2010,6.408,5.489,5.489
08GF005,KIPPAN CREEK NEAR THE MOUTH,FRBC,51.068,-126.358,NA,1999,2010,2.401,1.666,1.666
08GF006,MCALLISTER CREEK AT THOMPSON SOUND,FRBC,50.797,-126.01,NA,1999,2010,3.986,100,100
08HA069,RENFREW CREEK NEAR PORT RENFREW,FRBC,48.637,-124.292,NA,1999,2010,4.329,4.329,4.329
08HA070,HARRIS CREEK NEAR LAKE COWICHAN,FRBC,48.718,-124.226,NA,1999,2010,14.852,100,100
08HA072,COTTONWOOD CREEK HEADWATERS,FRBC,48.934,-124.25,NA,1999,2010,16.132,1.989,1.989
08HE007,CLANNINICK CREEK AT HEADWATERS,FRBC,50.102,-127.396,NA,1998,2009,3.364,3.621,3.621
08HE010,MCKELVIE CREEK ABOVE INTAKE,FRBC,49.933,-126.633,NA,1999,2010,7.055,100,100
08HE700,BENSON RIVER ABOVE BENSON LAKE,FRBC,50.38,-127.25,NA,1998,2012,37.198,100,100
08HE701,ZEBALLOS RIVER HEADWATERS,FRBC,50.14,-126.83,NA,1999,2009,25.971,24.479,24.479
08HF012,PUGH CREEK NEAR NAHWITTI LAKE,FRBC,50.735,-127.883,NA,1999,2010,0.868,0.843,0.843
08HF013,SIMPSON CREEK NEAR KOPRINO HARBOUR,FRBC,50.512,-127.843,NA,1999,2010,0.794,0.794,0.794
08JA022,Kenney Dam,RTA,53.58,-124.946,860,1992,2019,0,0,0
08JA028,Eutsuk,RTA,53.234,-126.113,860,1992,2013,0,0,0
08JA030,Tahtsa Intake,RTA,53.617,-127.696,860,1957,2019,0,0,0
10,ZZ SCOTT COVE,FLNRO-WMB,50.7,-126.3,7,1979,1994,54.097,53.99,53.99
1002,TS ELPHINSTONE,FLNRO-WMB,49.428,-123.565,593,2008,2023,7.945,100,100
101,MACHMELL (MB),FLNRO-WMB,51.593,-126.452,366,1997,2023,15.798,100,100
1011500,CHEMAINUS,ECCC,48.94,-123.74,75,1950,2023,21.074,55.579,55.579
1012055,LAKE COWICHAN,ECCC,48.83,-124.05,171,1960,2023,5.025,4.149,4.149
1012475,DISCOVERY ISLAND,ECCC,48.42,-123.23,18.9,1997,2023,98.741,41.644,41.644
1012710,ESQUIMALT HARBOUR,ECCC,48.43,-123.44,3,1957,2023,7.988,56.823,56.823
10130MN,GALIANO NORTH,ECCC,48.99,-123.57,6,1975,2021,4.436,5.076,5.076
1014820,MALAHAT,ECCC,48.57,-123.53,365.8,1991,2023,37.222,2.876,2.876
1015105,METCHOSIN,ECCC,48.37,-123.56,164,1968,2023,6.879,100,100
1015628,NORTH COWICHAN,ECCC,48.82,-123.72,45.7,1981,2023,1.003,100,100
1015630,NORTH COWICHAN,ECCC,48.82,-123.72,44.8,2007,2023,4.082,0.357,0.357
1015638,NORTH PENDER ISLAND,ECCC,48.76,-123.29,98,1972,2023,18.532,26.1,26.1
1016335,PORT RENFREW,ECCC,48.59,-124.33,10,1970,2022,14.934,14.939,14.939
1016640,RACE ROCKS,ECCC,48.3,-123.53,7.4,1995,2023,100,61.275,61.275
1016940,SAANICHTON CDA,ECCC,48.62,-123.42,61,1950,2023,0.764,0.382,0.382
1016995,SALTSPRING ST MARY'S L,ECCC,48.89,-123.55,45.7,1975,2022,2.091,2.278,2.278
1016RM0,SAANICHTON MT NEWTON,ECCC,48.6,-123.43,42.7,1980,2023,20.04,100,100
1017099,SATURNA CAPMON CS,ECCC,48.78,-123.13,178,1991,2023,36.481,40.8,40.8
1017101,SATURNA ISLAND CS,ECCC,48.78,-123.04,24.4,1980,2023,9.216,17.335,17.335
1017230,SHAWNIGAN LAKE,ECCC,48.65,-123.63,159,1950,2023,0.497,0.033,0.033
1017254,SHERINGHAM POINT,ECCC,48.38,-123.92,6.9,1992,2023,12.907,3.147,3.147
1018598,VICTORIA UNIVERSITY CS,ECCC,48.46,-123.3,60.1,1992,2023,5.532,0.079,0.079
1018611,VICTORIA GONZALES CS,ECCC,48.41,-123.32,61,1973,2023,42.524,41.145,41.145
1020590,BALLENAS ISLAND,ECCC,49.35,-124.16,14.5,1966,2023,6.686,61.799,61.799
1021261,CAMPBELL RIVER A,ECCC,49.95,-125.27,108.8,1965,2023,2.269,2.139,2.139
1021330,CAPE MUDGE,ECCC,50,-125.2,4.6,1978,2023,3.026,5.798,5.798
1021480,CHATHAM POINT,ECCC,50.33,-125.45,22.9,1958,2023,9.551,9.526,9.526
1021830,COMOX A,ECCC,49.72,-124.9,25.6,1950,2023,0,0,0
1021989,COURTENAY PUNTLEDGE,ECCC,49.69,-125.03,40,1984,2023,5.198,11.734,11.734
1022689,ENTRANCE ISLAND,ECCC,49.21,-123.81,7.6,1992,2023,25.901,10.919,10.919
1022795,FANNY ISLAND,ECCC,50.45,-125.99,5.2,2000,2023,11.562,5.51,5.51
1023462,HERIOT BAY SE,ECCC,50.1,-125.2,17,1984,2022,4.388,17.113,17.113
1024,SKOONKA,FLNRO-WMB,50.439,-121.552,1557,2008,2023,0.125,100,100
1024638,LITTLE QUALICUM HATCHERY,ECCC,49.35,-124.51,30,1981,2023,4.077,3.697,3.697
1025,TS THEODOSIA,FLNRO-WMB,50.103,-124.614,91,2008,2023,0.627,100,100
10253G0,NANAIMO CITY YARD,ECCC,49.2,-123.99,114,1981,2023,0.891,100,100
1026562,QUALICUM BEACH AIRPORT,ECCC,49.34,-124.39,58.2,2006,2023,5.486,0.829,0.829
1026565,QUALICUM R FISH RESEARCH,ECCC,49.39,-124.62,7.6,1962,2023,2.345,2.385,2.385
1026639,QUINSAM RIVER HATCHERY,ECCC,50.02,-125.3,45.7,1975,2023,2.589,4.379,4.379
1027403,SISTERS ISLAND,ECCC,49.49,-124.43,20,1992,2023,79.952,22.988,22.988
1029,FIVE MILE,FLNRO-WMB,50.911,-122.689,865,2008,2023,0.755,100,100
102BFHH,ENTRANCE ISLAND,ECCC,49.21,-123.81,7,1987,2023,12.446,13.387,13.387
1030230,ALBERNI ROBERTSON CREEK,ECCC,49.34,-124.98,73.8,1961,2023,1.292,1.841,1.841
1031316,CAPE BEALE LIGHT,ECCC,48.79,-125.22,25.9,1984,2023,0.216,0.216,0.216
1032730,ESTEVAN POINT,ECCC,49.38,-126.54,5.8,1950,2023,1.646,1.976,1.976
1032731,ESTEVAN POINT CS,ECCC,49.38,-126.54,5.8,1993,2023,9.96,15.551,15.551
1034600,LENNARD ISLAND,ECCC,49.11,-125.92,10.6,1980,2023,0.276,71.097,71.097
1035612,NITINAT RIVER HATCHERY,ECCC,48.86,-124.66,14.9,1981,2023,6.038,5.018,5.018
1035614,NOOTKA LIGHTSTATION,ECCC,49.6,-126.62,15.8,1978,2023,0.509,0.509,0.509
1035940,PACHENA POINT,ECCC,48.72,-125.1,37,1950,2023,1.691,3.03,3.03
1036570,QUATSINO,ECCC,50.53,-127.65,3.4,1950,2023,4.614,4.04,4.04
1036572,QUATSINO LIGHTSTATION,ECCC,50.44,-128.03,21,1978,2023,8.88,10.626,10.626
1036B06,PORT ALBERNI (AUT),ECCC,49.32,-124.93,76.2,1992,2023,6.7,3.28,3.28
1037090,SARTINE ISLAND (AUT),ECCC,50.82,-128.91,103.5,1994,2023,12.026,7.882,7.882
1037553,SOLANDER ISLAND (AUT),ECCC,50.11,-127.94,94.2,1994,2023,19.841,8.996,8.996
1037899,TAHSIS VILLAGE NORTH,ECCC,49.93,-126.65,9,1989,2023,13.509,15.111,15.111
1038205,TOFINO A,ECCC,49.08,-125.77,24.5,1958,2023,0.517,0.585,0.585
1038332,UCLUELET KENNEDY CAMP,ECCC,48.95,-125.53,40,1964,2023,1.351,41.488,41.488
1039035,ZEBALLOS MURAUDE CREEK,ECCC,50.05,-126.78,103,2010,2023,0.793,0.264,0.264
1040,BIG SILVER 2,FLNRO-WMB,49.691,-121.86,561,2009,2023,6.953,100,100
104091B,BOWEN ISLAND SUNSET PARK,ECCC,49.36,-123.4,185,1992,2023,26.048,100,100
1043152,GIBSONS GOWER POINT,ECCC,49.39,-123.54,34,1961,2023,0.8,15.534,15.534
1045,OSBORN,FLNRO-WMB,56.558,-120.382,700,2009,2023,4.108,100,100
1045100,MERRY ISLAND LIGHTSTATION,ECCC,49.47,-123.91,7.2,1957,2023,1.92,5.222,5.222
10459NN,HOWE SOUND - PAM ROCKS,ECCC,49.49,-123.3,7.1,1991,2023,21.193,6.89,6.89
1046115,PENDER HARBOUR,ECCC,49.63,-124.03,64,1961,2023,60.682,100,100
1046332,PORT MELLON,ECCC,49.53,-123.5,125.1,2006,2023,5.985,2.529,2.529
1046391,POWELL RIVER A,ECCC,49.83,-124.5,129.5,1954,2023,9.105,9.368,9.368
1046392,POWELL RIVER,ECCC,49.83,-124.5,125,2007,2023,6.828,0.482,0.482
1047172,SECHELT AUT,ECCC,49.46,-123.72,86.2,2007,2023,3.805,2.293,2.293
10476,SQUAMISH AIRPORT,ECCC,49.78,-123.16,53.7,1982,2023,1.419,0.92,0.92
1048898,WHISTLER,ECCC,50.13,-122.95,657.8,1976,2023,1.387,1.428,1.428
105,ROSSWOOD,FLNRO-WMB,54.915,-128.858,137,1904,2023,80.69,100,100
1051351,CAPE ST JAMES,ECCC,51.94,-131.02,87.8,1992,2023,42.853,21.998,21.998
1054222,KINDAKUN ROCKS (AUT),ECCC,53.32,-132.77,14.7,1994,2023,15.386,10.704,10.704
1054500,LANGARA,ECCC,54.26,-133.06,42.7,1950,2023,0.181,1.732,1.732
1054503,LANGARA ISLAND RCS,ECCC,54.26,-133.06,46.9,1992,2023,30.185,15.453,15.453
1055,SPLINTLUM,FLNRO-WMB,50.351,-121.655,424,2009,2023,0.605,100,100
1056869,ROSE SPIT (AUT),ECCC,54.16,-131.66,6.6,1994,2023,30.706,11.035,11.035
1057052,SANDSPIT,ECCC,53.25,-131.81,6.4,2010,2023,4.476,0.585,0.585
106,KITPARK,FLNRO-WMB,54.17,-128.577,75,1995,2023,13.111,100,100
1060080,ADDENBROKE ISLAND,ECCC,51.6,-127.86,21.3,1978,2023,1.054,1.054,1.054
1060815,BELLA BELLA,ECCC,52.19,-128.16,43,2011,2023,0.776,2.017,2.017
1060901,BOAT BLUFF,ECCC,52.64,-128.52,10.7,1974,2023,4.677,4.677,4.677
1060902,BONILLA ISLAND,ECCC,53.49,-130.64,16.2,1960,2023,0.554,8.499,8.499
1060R0K,BONILLA ISLAND (AUT),ECCC,53.49,-130.64,12.5,1994,2023,11.242,7.75,7.75
1061458,CATHEDRAL POINT (AUT),ECCC,52.19,-127.47,26.4,1994,2023,17.397,4.937,4.937
1062251,CUMSHEWA ISLAND,ECCC,53.03,-131.6,12.6,1992,2023,50.505,10.349,10.349
1062544,DRYAD POINT,ECCC,52.19,-128.11,3.5,1977,2023,0.474,0.469,0.469
1062646,EGG ISLAND,ECCC,51.25,-127.84,14,1965,2023,6.246,6.896,6.896
1063298,GREEN ISLAND,ECCC,54.57,-130.71,11.9,1978,2023,2.408,2.505,2.505
1063303,GREY ISLET (AUT),ECCC,54.58,-130.7,9.5,1994,2023,18.895,12.839,12.839
1063461,HERBERT ISLAND (AUT),ECCC,50.94,-127.63,13.5,1994,2023,6.777,9.062,9.062
1063496,HOLLAND ROCK,ECCC,54.17,-130.36,5.5,1991,2023,34.622,11.781,11.781
1063690,IVORY ISLAND,ECCC,52.27,-128.41,9.8,1950,2023,44.635,48.339,48.339
1064020,KEMANO,ECCC,53.56,-127.94,66,1951,2023,6.091,7.089,7.089
1064320,KITIMAT TOWNSITE,ECCC,54.05,-128.63,98,1954,2022,5.124,4.234,4.234
1064321,KITIMAT 2,ECCC,54.01,-128.71,16.8,1966,2023,8.575,8.689,8.689
1064728,LUCY ISLAND LIGHTSTATION,ECCC,54.3,-130.61,2,1991,2023,96.98,12.636,12.636
1065010,MCINNES ISLAND,ECCC,52.26,-128.72,25.9,1954,2023,8.127,9.823,9.823
1066482,PRINCE RUPERT,ECCC,54.29,-130.44,35.4,2010,2023,1.976,1.29,1.29
1066488,PRINCE RUPERT MONT CIRC,ECCC,54.32,-130.29,60,1959,2023,10.146,99.966,99.966
1068131,TERRACE PCC,ECCC,54.5,-128.62,67,1968,2023,3.173,2.033,2.033
1068250,TRIPLE ISLAND,ECCC,54.29,-130.88,20.7,1989,2023,4.75,4.956,4.956
1.06e+291,KITIMAT HATCHERY,ECCC,54.04,-128.68,11,1995,2023,13.228,11.65,11.65
1072692,EQUITY SILVER,ECCC,54.2,-126.28,1280,1981,2021,9.542,7.105,7.105
1073615,HOUSTON,ECCC,54.4,-126.67,610,1957,2023,39.494,37.95,37.95
1077499,SMITHERS,ECCC,54.83,-127.18,523,2010,2023,1.057,0.797,0.797
107G879,SUSKWA VALLEY,ECCC,55.29,-127.17,534,1982,2023,2.655,2.608,2.608
108,DEASE LK FS,FLNRO-WMB,58.4,-130,800,1996,2023,7.475,100,100
1085836,OOTSA LAKESKINS LAKE CLIMATE,ECCC,53.77,-126,861,2005,2023,4.295,3.624,3.624
1086082,PEMBERTON AIRPORT CS,ECCC,50.31,-122.73,204.3,1984,2023,14.106,5.503,5.503
1086558,PUNTZI MOUNTAIN (AUT),ECCC,52.11,-124.14,909.8,1993,2023,31.026,4.618,4.618
1088015,TATLAYOKO LAKE RCS,ECCC,51.67,-124.4,875,2000,2023,20.997,5.946,5.946
1090660,BARKERVILLE,ECCC,53.07,-121.51,1283,1951,2023,10.897,12.079,12.079
1091174,BURNS LAKE DECKER LAKE,ECCC,54.38,-125.96,713.2,1990,2023,22.41,5.602,5.602
1095018,MCLEESE LAKE GRANITE MT,ECCC,52.53,-122.29,1133,1972,2023,3.914,2.356,2.356
1095443,MiddleforkWx,FLNRO-FERN,57.551,-122.796,972,2007,2022,13.192,13.192,13.192
1096439,PRINCE GEORGE,ECCC,53.88,-122.68,691,2009,2023,2.855,0.347,0.347
1096453,PRINCE GEORGE AIRPORT AUTO,ECCC,53.89,-122.67,680,2009,2023,1.088,0.272,0.272
1096468,PRINCE GEORGE STP,ECCC,53.88,-122.77,579,1975,2023,0.075,4.085,4.085
1096629,QUESNEL,ECCC,53.03,-122.51,545,2010,2023,1.593,1.169,1.169
1096631,QUESNEL AIRPORT AUTO,ECCC,53.03,-122.51,545.3,2009,2023,0.152,0.019,0.019
1097646,SPOKIN LAKE 4E,ECCC,52.18,-121.69,1033,1983,2023,0.047,0.054,0.054
1098941,WILLIAMS LAKE A,ECCC,52.18,-122.05,939.7,2012,2023,1.014,1.188,1.188
1.098e+93,VANDERHOOF,ECCC,54.03,-124.02,638,1980,2021,0.976,1.248,1.248
11,SUMMIT,FLNRO-WMB,48.928,-124.648,857,1991,2023,12.376,100,100
110,TELEGRAPH CREEK,FLNRO-WMB,57.903,-131.197,382,1988,2023,9.805,100,100
1100031,ABBOTSFORD A,ECCC,49.03,-122.36,59.1,2012,2023,0,0,0
1100119,AGASSIZ RCS,ECCC,49.24,-121.76,19.3,1988,2023,7.949,3.2,3.2
1100120,AGASSIZ CDA,ECCC,49.24,-121.76,15,1950,2023,0.812,6.315,6.315
110031,Victoria Royal Roads University,ENV-AQN,48.43,-123.469,1,1998,2008,100,0.481,0.481
1100875,WHISTLER - NESTERS,ECCC,50.13,-122.95,659,2005,2023,2.287,0.694,0.694
1101158,BURNABY SIMON FRASER U,ECCC,49.28,-122.92,365.8,1965,2022,12.033,10.223,10.223
1101300,CALLAGHAN VALLEY,ECCC,50.14,-123.11,884,2005,2023,3.025,0.517,0.517
1101708,CLOVERDALE EAST,ECCC,49.11,-122.7,50,1964,2023,51.878,56.888,56.888
1102415,DELTA BURNS BOG,ECCC,49.13,-123,3.1,2011,2023,7.515,0.487,0.487
1102425,DELTA TSAWWASSEN BEACH,ECCC,49.01,-123.09,2.4,1971,2023,0.694,31.095,31.095
1102912,FORT LANGLEY TELEGRAPH TRAIL,ECCC,49.14,-122.55,76,2005,2023,4.38,5.242,5.242
1103332,HANEY UBC RF ADMIN,ECCC,49.26,-122.57,147,1961,2023,1.025,1.078,1.078
1105192,MISSION WEST ABBEY,ECCC,49.15,-122.27,197,1962,2023,0.206,0.072,0.072
1105658,N VANC GROUSE MTN RESORT,ECCC,49.38,-123.08,1103,1971,2023,9.421,8.111,8.111
1105669,N VANCOUVER WHARVES,ECCC,49.31,-123.12,7,1962,2023,5.282,100,100
1106178,PITT MEADOWS CS,ECCC,49.21,-122.69,5,1993,2023,0.905,0.091,0.091
1106200,POINT ATKINSON,ECCC,49.33,-123.26,14,1968,2023,22.382,58.214,58.214
1106764,RICHMOND DALLYN 2,ECCC,49.18,-123.09,1.8,1963,2023,53.909,99.727,99.727
1106CL2,PORT MOODY GLENAYRE,ECCC,49.28,-122.88,129.5,1970,2023,13.468,14.868,14.868
1106PF7,RICHMOND NATURE PARK,ECCC,49.17,-123.09,3,1977,2023,4.203,4.203,4.203
1107010,SANDHEADS CS,ECCC,49.11,-123.3,11,1991,2023,74.857,8.726,8.726
1107785,SUMAS CANAL,ECCC,49.11,-122.11,9,1957,2023,8.594,37.55,37.55
1108446,VANCOUVER HARBOUR CS,ECCC,49.3,-123.12,2.5,1950,2023,10.508,20.941,20.941
1108824,WEST VANCOUVER AUT,ECCC,49.35,-123.19,170.2,1992,2023,4.175,1.92,1.92
1108906,WHISTLER ROUNDHOUSE,ECCC,50.07,-122.95,1835,1972,2023,36.419,30.822,30.822
1108910,WHITE ROCK CAMPBELL SCIENTIFIC,ECCC,49.02,-122.78,13,1950,2023,34.227,32.315,32.315
11091,Brandywine,MoTIe,50.054,-123.118,496,2001,2023,1.984,10.836,10.836
11092,Tantalus,MoTIe,49.843,-123.143,320,2009,2023,2.596,9.677,9.677
111,ATLIN,FLNRO-WMB,59.583,-133.667,729,1990,2023,7.876,100,100
11121,Mt. Strachan Precip,MoTIe,49.404,-123.191,1220,1993,2023,15.363,40.035,40.035
11122,Mt. Strachan,MoTIe,49.41,-123.196,1420,1984,2022,30.168,55.955,55.955
11123,Mt. Harvey Raws,MoTIe,49.479,-123.19,1460,1984,1998,48.561,72.64,72.64
11124,Alberta Creek  Raws,MoTIe,49.465,-123.224,670,1983,1998,63.946,64.644,64.644
11125,Deeks Peak,MoTIe,49.534,-123.218,1280,1983,2018,27.412,43.175,43.175
1113542,HOPE A,ECCC,49.37,-121.5,39,2011,2023,1.75,0,0
1113543,HOPE AIRPORT,ECCC,49.37,-121.49,39,2012,2023,2.782,0.024,0.024
1113581,HOPE SLIDE,ECCC,49.27,-121.23,685,1975,2023,3.24,3.083,3.083
1113682,CPFWx,FLNRO-FERN,53.754,-122.719,595,2007,2022,2.106,2.106,2.106
1113683,SaxtonWx,FLNRO-FERN,54.028,-123.03,743,2007,2022,0,0,0
1113694,BulkleyWx,FLNRO-FERN,53.772,-122.721,599,2007,2022,4.403,100,100
1113695,NondaWx,FLNRO-FERN,59.002,-125.509,1683,2007,2023,38.296,100,100
1113696,PinkWx,FLNRO-FERN,57.062,-122.865,1748,2008,2023,5.084,100,100
1114619,LILLOOET,ECCC,50.68,-121.93,239.5,1997,2023,46.046,8.328,8.328
1114746,LYTTON RCS,ECCC,50.22,-121.58,225,2006,2023,6.972,1.038,1.038
11191,Eagle Ridge,MoTIe,49.372,-123.27,140,2009,2023,2.919,6.944,6.944
112,ISKUT,FLNRO-WMB,57.857,-130.008,890,1992,2023,9.134,100,100
1123721,JELLICOE,ECCC,49.67,-120.33,929,1995,2023,2.399,3.516,3.516
1123939,KELOWNA,ECCC,49.96,-119.38,433.1,2009,2023,0.497,0,0
1125073,MERRITT,ECCC,50.11,-120.78,591,2011,2023,40.726,0,0
1125079,MERRITT STP,ECCC,50.11,-120.8,609,1968,2023,6.394,6.319,6.319
1125700,OKANAGAN CENTRE,ECCC,50.06,-119.45,370,1950,2022,4.421,5.2,5.2
1125766,OLIVER STP,ECCC,49.18,-119.54,297.2,1950,2022,2.722,8.277,8.277
1125852,OSOYOOS CS,ECCC,49.03,-119.44,282.9,1990,2023,19.671,0.41,0.41
1126070,PEACHLAND,ECCC,49.78,-119.72,345,1971,2023,21.395,22.084,22.084
1126146,PENTICTON A,ECCC,49.46,-119.6,344.4,2012,2023,1.999,0,0
1126510,PRINCETON A,ECCC,49.47,-120.51,701.7,1950,2023,0.459,0.459,0.459
1128582,VERNON AUTO,ECCC,50.22,-119.19,482,2005,2023,7.062,0.13,0.13
1128584,VERNON SILVER STAR LODGE,ECCC,50.36,-119.06,1585.6,1970,2023,36.695,35.17,35.17
112FN0M,PRINCETON CS,ECCC,49.47,-120.51,696.5,1992,2023,31.292,1.414,1.414
112G8L1,SUMMERLAND CS,ECCC,49.56,-119.65,454.2,1990,2023,14.657,0,0
113,BOB QUINN LK,FLNRO-WMB,56.983,-130.253,609,1991,2023,11.436,100,100
1135126,MIDWAY,ECCC,49,-118.77,571,1987,2023,0.494,3.336,3.336
1140876,BILLINGS,ECCC,49.02,-118.23,519,1984,2023,4.761,4.055,4.055
1141455,CASTLEGAR A,ECCC,49.3,-117.63,495.6,1965,2023,0.071,0.042,0.042
1141457,CASTLEGAR BCHPA DAM,ECCC,49.34,-117.77,435,1969,2023,7.835,7.734,7.734
1142574,DUNCAN LAKE DAM,ECCC,50.24,-116.97,548.6,1963,2023,1.332,0.941,0.941
1145297,NAKUSP CS,ECCC,50.27,-117.82,512.1,1991,2023,13.208,3.02,3.02
1145442,NELSON NE,ECCC,49.59,-117.21,570,1983,2023,13.355,13.476,13.476
1145460,NEW DENVER,ECCC,50,-117.37,568,1950,2023,2.168,25.559,25.559
1145M29,NELSON CS,ECCC,49.49,-117.31,534.9,1992,2023,23.878,0.167,0.167
1148705,WARFIELD RCS,ECCC,49.11,-117.74,566.9,2001,2023,17.061,22.922,22.922
114B1F0,CRESTON CAMPBELL SCIENTIFIC,ECCC,49.08,-116.5,640.7,1993,2023,9.257,0.955,0.955
114EMDM,NELSON RIXEN CREEK,ECCC,49.51,-117.4,760,1990,2023,0.114,3.203,3.203
1152105,CRANBROOK A,ECCC,49.61,-115.78,940,2012,2023,2.04,0,0
1152850,FERNIE,ECCC,49.49,-115.07,1001,1950,2023,5.051,3.7,3.7
1153034,FT STEELE DANDY CRK,ECCC,49.52,-115.46,856,1968,2023,7.875,9.694,9.694
1154203,KIMBERLEY PCC,ECCC,49.63,-115.96,889,1975,2023,1.274,25.919,25.919
1154410,KOOTENAY NP WEST GATE,ECCC,50.63,-116.06,935,1968,2022,4.127,3.899,3.899
1157631,SPARWOOD CS,ECCC,49.75,-114.88,1136.7,1992,2023,50.233,2.925,2.925
1158692,WARDNER KTNY HATCHERY,ECCC,49.47,-115.46,760,1971,2021,12.543,12.36,12.36
1159701,EndakoWx,FLNRO-FERN,54.422,-125.991,856,2007,2022,0,100,100
1160515,ASHCROFT,ECCC,50.71,-121.28,327,2010,2023,31.696,0.243,0.243
1160899,BLUE RIVER A,ECCC,52.13,-119.29,690.4,1969,2023,1.023,0.926,0.926
1160H99,BLUE RIVER CS,ECCC,52.13,-119.29,682.8,1992,2023,35.456,2.669,2.669
1163628,ThompsonWx,FLNRO-FERN,54.336,-126.101,866,2007,2022,13.233,13.233,13.233
1163842,KAMLOOPS AUT,ECCC,50.7,-120.44,345,2006,2023,7.927,2.252,2.252
1165793,100 MILE HOUSE 6NE,ECCC,51.68,-121.22,928,1987,2023,0.422,1.37,1.37
1166658,RED LAKE,ECCC,50.94,-120.8,1162,1974,2023,25.4,26.976,26.976
1167337,SILVER CREEK,ECCC,50.55,-119.35,419,1989,2021,0.27,0.177,0.177
1168204,SUN PEAKS MOUNTAIN,ECCC,50.9,-119.91,1847.4,1980,2022,66.578,66.499,66.499
1168520,VAVENBY,ECCC,51.58,-119.78,445,1950,2023,0.559,0.858,0.858
116C8P0,KAMLOOPS PRATT ROAD,ECCC,50.63,-120.17,729,1986,2023,3.278,8.523,8.523
116FRMN,SALMON ARM CS,ECCC,50.7,-119.29,350.5,1991,2023,20.974,0.257,0.257
116Q20D,SUN PEAKS LOWER,ECCC,50.89,-119.88,1310.6,1994,2022,68.089,68.371,68.371
116QK0M,SUN PEAKS UPPER,ECCC,50.9,-119.92,2055,1994,2022,63.345,64.972,64.972
117,SIERRA,FLNRO-WMB,58.838,-121.397,584,1990,2023,22.188,100,100
1173210,GOLDEN A,ECCC,51.3,-116.98,784.9,1950,2023,0.514,0.629,0.629
1175122,MICA DAM,ECCC,52.05,-118.59,579.1,1951,2023,14.812,15.359,15.359
1176745,REVELSTOKE A,ECCC,50.97,-118.18,444.7,2011,2023,0.718,0.247,0.247
1176755,REVELSTOKE AIRPORT AUTO,ECCC,50.96,-118.18,444.7,2012,2023,0,0,0
1177893,GeorgeWx,FLNRO-FERN,53.964,-124.663,878,2007,2022,1.409,100,100
11790J1,YOHO PARK,ECCC,51.44,-116.34,1602,1992,2023,43.372,8.855,8.855
117R00H,YOHO NP OHARA LAKE,ECCC,51.36,-116.34,2024.6,1987,2021,50.56,50.795,50.795
118,HELMUT,FLNRO-WMB,59.421,-120.789,598,1990,2023,26.357,100,100
1181508,CHETWYND A,ECCC,55.69,-121.63,609.6,1982,2023,1.6,1.666,1.666
1182289,DAWSON CREEK A,ECCC,55.74,-120.18,654.7,2009,2023,7.434,0.669,0.669
1183001,FORT ST. JOHN A,ECCC,56.24,-120.74,694.9,2012,2023,2.078,0.223,0.223
1184791,MACKENZIE,ECCC,55.3,-123.13,690.1,2010,2023,1.896,0.367,0.367
119,NELSON FORKS,FLNRO-WMB,59.617,-124.098,604,1990,2023,17.718,100,100
1192341,DEASE LAKE A,ECCC,58.42,-130.03,802.8,2011,2023,9.205,1.636,1.636
1192946,FORT NELSON A,ECCC,58.84,-122.6,381.9,2012,2023,2.187,0.27,0.27
119BLM0,DEASE LAKE (AUT),ECCC,58.43,-130.03,800.7,1993,2023,24.716,0.72,0.72
120,SILVER,FLNRO-WMB,57.497,-121.297,835,1993,2023,23.893,100,100
1200560,ATLIN,ECCC,59.57,-133.7,673.6,1963,2021,7.173,7.536,7.536
1206197,PLEASANT CAMP,ECCC,59.45,-136.37,274.3,1974,2022,3.223,2.202,2.202
121,PADDY,FLNRO-WMB,57.782,-120.237,729,1992,2023,17.457,100,100
123,ZZ HALFWAY DIRTY,FLNRO-WMB,56.3,-122.2,7,1977,1994,85.278,85.278,85.278
124,GRAHAM,FLNRO-WMB,56.435,-122.458,768,1995,2023,12.637,100,100
126,TOAD RIVER,FLNRO-WMB,58.866,-125.311,711,1995,2023,18.59,100,100
127,TUMBLER(DENISON),FLNRO-WMB,55.027,-120.934,942,1988,2023,21.503,100,100
129,PINK MTN,FLNRO-WMB,57.077,-122.558,989,1995,2023,14.551,100,100
131,MUSKWA,FLNRO-WMB,57.892,-123.616,780,1993,2023,26.233,100,100
132,HUDSON HOPE,FLNRO-WMB,56.035,-121.99,704,1989,2023,13.79,100,100
136,WONOWON,FLNRO-WMB,56.718,-121.765,967,1990,2023,18.964,100,100
138,RED DEER,FLNRO-WMB,54.633,-120.576,1306,1996,2023,19.657,100,100
140,LEMORAY,FLNRO-WMB,55.525,-122.517,757,1995,2023,12.444,100,100
141,MANSON,FLNRO-WMB,55.58,-124.232,1047,1995,2023,17.664,100,100
144,TABLE RIVER,FLNRO-WMB,54.716,-122.273,760,1989,2023,30.754,100,100
145,INGENIKA PT,FLNRO-WMB,56.978,-125.176,1213,1995,2023,12.411,100,100
146,FORT ST JAMES,FLNRO-WMB,54.394,-124.261,750,1992,2023,6.108,100,100
148,BLACKPINE,FLNRO-WMB,56.319,-125.368,1126,1995,2023,13.566,100,100
149,BEAR LAKE,FLNRO-WMB,54.509,-122.691,739,1988,2023,18.943,100,100
15092,Bradner Road,MoTIe,49.076,-122.425,110,2005,2023,3.013,7.767,7.767
15093,Nicolum Creek,MoTIe,49.363,-121.356,244,2002,2023,2.765,10.929,10.929
151,NABESHE,FLNRO-WMB,56.364,-123.366,1108,1995,2023,37.416,100,100
15122,Hells Gate Roadside,MoTIe,49.757,-121.418,280,2007,2023,3.091,13.439,13.439
15123,Hells Gate,MoTIe,49.792,-121.429,1005,1977,2016,24.329,38.793,38.793
15124,Jackass,MoTIe,50.076,-121.548,350,1996,2023,10.87,18.871,18.871
152,SIFTON,FLNRO-WMB,57.852,-126.117,985,1995,2023,25.357,100,100
153,MCLEOD LAKE,FLNRO-WMB,54.726,-123.077,915,1994,2023,27.417,100,100
15321,Foundation Mines,MoTIe,49.23,-121.084,1650,1988,2023,12.737,40.267,40.267
15322,Allison Pass Remote Raws,MoTIe,49.115,-120.87,1340,1991,2003,13.482,42.821,42.821
15392,Allison Pass,MoTIe,49.116,-120.867,1340,2003,2023,3.774,32.216,32.216
154,WITCH,FLNRO-WMB,55.023,-124.265,1030,1994,2023,30.4,100,100
155,MACKENZIE FS,FLNRO-WMB,55.304,-123.135,690,1994,2023,12.984,100,100
156,SUSTUT,FLNRO-WMB,56.329,-127.034,871,1995,2023,19.346,100,100
158,VANDERHOOF,FLNRO-WMB,54.056,-124.01,678,1996,2023,2.007,100,100
159,NORTH CHILCO,FLNRO-WMB,54.155,-123.754,850,1995,2023,14.66,100,100
161,GRASSY PLAINS,FLNRO-WMB,53.947,-125.867,944,1989,2023,7.031,100,100
162,HOUSTON(DUNGATE),FLNRO-WMB,54.412,-126.627,608,1989,2023,4.923,100,100
163,LOVELL COVE,FLNRO-WMB,55.688,-126.051,990,1994,2023,32.046,100,100
165,MOOSE LAKE,FLNRO-WMB,53.072,-125.412,1109,1991,2023,18.444,100,100
166,KLUSKUS,FLNRO-WMB,53.383,-124.512,1137,1991,2023,20.019,100,100
167,AUGIER LAKE,FLNRO-WMB,54.363,-125.52,900,1904,2023,80.544,100,100
169,UPPER FULTON,FLNRO-WMB,55.033,-126.8,900,1991,2023,23.992,100,100
170,EAST OOTSA,FLNRO-WMB,53.502,-125.772,1089,1989,2023,23.913,100,100
171,LEO CREEK,FLNRO-WMB,55.082,-125.477,915,1994,2023,28.333,100,100
172,NILKITKWA,FLNRO-WMB,55.553,-126.578,978,1991,2023,21.36,100,100
173,NORTH BABINE,FLNRO-WMB,55.137,-126.212,951,1991,2023,22.771,100,100
175,BEDNESTI,FLNRO-WMB,53.865,-123.323,858,1995,2023,19.374,100,100
178,PEDEN,FLNRO-WMB,53.987,-126.522,747,1989,2023,20.399,100,100
179,NADINA,FLNRO-WMB,53.943,-126.928,954,1989,2023,20.751,100,100
18,ZZ CAYCUSE RIVER,FLNRO-WMB,48.8,-124.5,4,1971,1988,58.069,58.069,58.069
180,MCBRIDE LAKE,FLNRO-WMB,54.07,-127.402,815,1993,2023,18.648,100,100
181,BURNS LAKE 850M,FLNRO-WMB,54.257,-125.755,830,1994,2023,2.738,100,100
182,GANOKWA,FLNRO-WMB,54.805,-126.948,855,1994,2023,4.425,100,100
183,ZZ PARROTT L/O-1250,FLNRO-WMB,54.018,-126.385,1259,1995,2023,52.102,100,100
185,ZZ HUDTA LAKE,FLNRO-WMB,53.6,-123,7,1971,1986,58.411,58.411,58.411
187,HIXON,FLNRO-WMB,53.426,-122.591,615,1988,2023,15.927,100,100
189,CHILAKO,FLNRO-WMB,53.494,-123.609,814,1991,2023,20.635,100,100
19,MENZIES CAMP,FLNRO-WMB,50.049,-125.789,438,1992,2023,7.726,100,100
190,JERRY,FLNRO-WMB,53.527,-122.106,997,1991,2023,23.382,100,100
191,MCGREGOR,FLNRO-WMB,54.078,-121.827,638,1989,2013,29.321,29.112,29.112
192,MCGREGOR 2,FLNRO-WMB,53.929,-120.636,975,1995,2023,13.897,100,100
193,BOWRON HAGGEN,FLNRO-WMB,53.463,-121.559,945,1991,2023,24.165,100,100
194,VALEMOUNT 1,FLNRO-WMB,52.87,-119.297,797,1989,2021,13.934,100,100
195,MCBRIDE,FLNRO-WMB,53.295,-120.152,716,1989,2023,8.924,100,100
199,CATFISH,FLNRO-WMB,53.577,-120.857,866,1994,2023,16.184,100,100
1A01P,Yellowhead,ENV-ASP,52.9,-118.55,1860,1996,2008,2.772,2.568,2.568
1A02P,McBride (Upper),ENV-ASP,53.3,-120.333,1620,1971,2008,86.341,80.17,80.17
1A03P,Barkerville,ENV-ASP,53.05,-121.483,1520,1968,2008,57.144,49.62,49.62
1A17P,Revolution Creek,ENV-ASP,53.783,-120.367,1690,1984,2008,4.319,3.125,3.125
1B01P,Mount Wells,ENV-ASP,53.729,-126.418,1490,1992,2008,18.117,11.126,11.126
1B02P,Tahtsa Lake,ENV-ASP,53.587,-127.651,1300,1992,2008,28.313,15.709,15.709
1B08P,Mount Pondosy,ENV-ASP,53.165,-126.876,1400,1992,2008,27.532,12.405,12.405
1C12P,Green Mountain,ENV-ASP,50.8,-122.917,1780,1993,2008,12.174,10.203,10.203
1C18P,Mission Ridge,ENV-ASP,50.767,-122.2,1850,1969,2008,54.247,41.242,41.242
1C20P,Boss Mountain Mine,ENV-ASP,52.117,-120.867,1460,1993,2008,5.001,5.694,5.694
1C41P,Yanks Peak East,ENV-ASP,52.833,-120.35,1670,1996,2008,6.935,3.111,3.111
1D15P,Great Bear,ENV-ASP,49.6,-121.183,1660,1992,2008,11.841,6.845,6.845
1D17P,Chilliwack River,ENV-ASP,49.033,-121.717,1600,1991,2008,15.12,9.782,9.782
1D19P,Spuzzum Creek,ENV-ASP,49.667,-121.65,1180,1998,2008,6.997,1.338,1.338
1E08P,Azure River,ENV-ASP,52.617,-119.717,1310,1996,2008,6.612,3.499,3.499
1E10P,Kostal Lake,ENV-ASP,52.2,-120.033,1770,1984,2008,8.478,4.779,4.779
1F03P,Park Mountain,ENV-ASP,50.45,-118.617,1890,1985,2008,6.7,4.139,4.139
20,ZZ GOLD RIVER VAN. IS.,FLNRO-WMB,49.8,-126.1,6,1970,1997,57.669,57.669,57.669
200,VALEMOUNT 2,FLNRO-WMB,52.788,-119.315,1195,1993,2023,21.392,100,100
201,HOLMES,FLNRO-WMB,53.345,-119.713,1179,1994,2022,26.99,100,100
202,TONQUIN -PARKS,FLNRO-WMB,52.703,-118.47,1667,1997,2009,24.972,24.527,24.527
204,ZZ BEGBIE L/O,FLNRO-WMB,51.4,-121.7,11,1970,1991,77.522,77.522,77.522
206,TAUTRI,FLNRO-WMB,52.535,-123.25,1085,1990,2023,22.371,100,100
208,TATLA LAKE,FLNRO-WMB,51.907,-124.605,945,1990,2023,5.668,100,100
209,ALEXIS CREEK,FLNRO-WMB,52.077,-123.272,791,1904,2023,73.095,100,100
21,WOSS CAMP,FLNRO-WMB,50.2,-126.6,70,1989,2023,3.437,100,100
210,RISKE CREEK,FLNRO-WMB,51.96,-122.51,884,1992,2023,16.946,100,100
21091,Walloper,MoTIe,50.529,-120.478,1300,2002,2023,2.006,27.93,27.93
211,NAZKO,FLNRO-WMB,52.958,-123.596,910,1995,2023,17.753,100,100
21123,Barriere,MoTIe,51.113,-120.136,390,1999,2023,3.034,18.275,18.275
212,PLACE LK.,FLNRO-WMB,51.817,-122,1065,1988,2023,20.501,100,100
213,ANAHIM LAKE,FLNRO-WMB,52.457,-125.303,1096,1990,2023,5.811,100,100
216,NEMIAH,FLNRO-WMB,51.48,-123.818,1220,1991,2023,16.382,100,100
218,LONE BUTTE,FLNRO-WMB,51.507,-121.162,1158,1990,2023,8.953,100,100
22096,Malakwa,MoTIe,50.934,-118.789,335,1999,2023,16.418,31.301,31.301
221,BALDFACE,FLNRO-WMB,52.71,-124.482,1666,1992,2023,16.994,100,100
22123,Squilax,MoTIe,50.873,-119.571,366,1997,2023,4.302,15.194,15.194
222,GASPARD,FLNRO-WMB,51.452,-122.662,1675,1992,2023,13.587,100,100
225,KNIFE,FLNRO-WMB,52.065,-121.885,945,1992,2023,24.08,100,100
226,MIDDLE LAKE,FLNRO-WMB,51.702,-124.875,915,1992,2023,21.579,100,100
227,GAVIN,FLNRO-WMB,52.47,-121.742,1081,1992,2023,19.93,100,100
228,BENSON,FLNRO-WMB,52.91,-122.065,1006,1990,2023,20.639,100,100
230,HORSEFLY,FLNRO-WMB,52.33,-121.397,701,1990,2023,12.512,100,100
23097,Kalamalka Lookout,MoTIe,50.211,-119.306,570,1998,2023,1.963,14.092,14.092
232,COLDSCAUR LAKE,FLNRO-WMB,51.725,-120.39,1158,1969,2023,48.479,100,100
233,TALCHAKO (MB),FLNRO-WMB,52.252,-126.028,244,1997,2023,11.076,100,100
234,TIMOTHY,FLNRO-WMB,51.913,-121.389,1161,1998,2023,13.063,100,100
235,YOUNG LAKE,FLNRO-WMB,51.238,-120.998,1170,2001,2023,8.717,100,100
236,MEADOW LAKE,FLNRO-WMB,51.375,-121.717,1070,1988,2023,16.754,100,100
237,ZZ HORSEFLY R/S,FLNRO-WMB,52.2,-121.2,1296,1971,1993,51.779,51.779,51.779
239,CLEARWATER,FLNRO-WMB,51.628,-120.095,396,1990,2023,5.703,100,100
24,ZZ COP,FLNRO-WMB,49.2,-124.6,7,1978,1994,55.678,55.678,55.678
240,ZZ BARRIERE,FLNRO-WMB,51.2,-120.1,4,1977,1992,78.017,100,100
24126,Apex Roadside,MoTIe,49.397,-119.901,1750,1997,2023,5.782,42.45,42.45
24225,Red Bluffs,MoTIe,49.476,-120.624,830,1997,2023,4.036,23.891,23.891
243,EAST BARRIERE,FLNRO-WMB,51.253,-119.882,671,1989,2023,8.567,100,100
244,WINDY MOUNTAIN,FLNRO-WMB,51.67,-120.65,1580,1992,2023,20.82,100,100
245,ZZ COLDSCAUR LAKE DR1,FLNRO-WMB,51.7,-120.4,11,1979,1992,57.652,57.652,57.652
246,ZZ LANG,FLNRO-WMB,51.9,-120.9,11,1980,1994,77.432,77.432,77.432
250,HARBOUR LAKE (MB),FLNRO-WMB,51.523,-119.115,1372,1992,2023,22.133,100,100
25092,Helmer Lake,MoTIe,50.321,-120.637,1385,1998,2023,4.222,35.059,35.059
25093,Larson Hill,MoTIe,49.831,-120.935,1060,2000,2023,1.887,21.368,21.368
251,DECEPTION,FLNRO-WMB,51.967,-120.608,1170,1998,2023,14.471,100,100
25221,Coquihalla Summit,MoTIe,49.594,-121.099,1230,1995,2023,5.774,33.021,33.021
25225,Great Bear,MoTIe,49.596,-121.178,1710,1985,2023,27.045,51.616,51.616
25227,Nak Peak,MoTIe,49.608,-121.092,2030,1986,1997,48.949,85.661,85.661
25229,Little Bear,MoTIe,49.599,-121.178,1660,1989,2023,15.424,56.476,56.476
253,CAHILTY,FLNRO-WMB,50.888,-119.838,1615,1989,2023,19.017,100,100
255,LIKELY RS,FLNRO-WMB,52.615,-121.513,1046,1991,2023,22.168,100,100
257,BLUE RIVER FS,FLNRO-WMB,52.12,-119.298,683,1994,2010,5.893,5.568,5.568
260011,Warfield,ENV-AQN,49.095,-117.747,604,2005,2020,100,58.134,58.134
26123,Carpenter Lake,MoTIe,50.842,-122.445,660,1997,2011,22.578,41.467,41.467
262,BIG VALLEY,FLNRO-WMB,53.262,-121.762,1355,1991,2023,18.515,100,100
26221,Blowdown Peak,MoTIe,50.407,-122.256,2320,1988,2023,35.821,83.852,83.852
26222,Blowdown Mid,MoTIe,50.402,-122.265,1890,1988,2023,31.593,68.4,68.4
26224,Cayoosh Summit,MoTIe,50.38,-122.474,1350,1997,2023,7.128,37.655,37.655
263,MATHEW,FLNRO-WMB,52.91,-120.912,1108,1991,2023,21.484,100,100
264,PRAIRIE CREEK,FLNRO-WMB,52.392,-120.985,1015,1990,2023,26.245,100,100
26501,Fountain Slide,MoTIe,50.74,-121.862,378,2010,2023,3.402,18.823,18.823
266,WELLS GRAY,FLNRO-WMB,52.342,-120.243,975,1995,2023,10.308,100,100
267,BERRY,FLNRO-WMB,51.978,-119.413,1524,1990,2023,25.488,100,100
270,GOSNEL,FLNRO-WMB,52.453,-119.175,1859,1996,2023,12.047,100,100
271,NIAGRA,FLNRO-WMB,52.625,-120.358,910,1995,2005,61.024,60.84,60.84
273,ZZ HAMILTON L/O,FLNRO-WMB,50.1,-120.4,15,1970,1990,69.589,69.507,69.507
275,ZZ KAMLOOPS R/S,FLNRO-WMB,50.7,-120.3,3,1972,1994,65.507,65.507,65.507
279,THYNNE,FLNRO-WMB,49.715,-120.867,1524,1990,2023,19.21,100,100
280,LILLOOET,FLNRO-WMB,50.672,-121.888,402,1989,2023,7.296,100,100
28093,Begbie Summit,MoTIe,51.476,-121.371,1127,2001,2023,4.143,26.485,26.485
281,BOTANIE,FLNRO-WMB,50.4,-121.57,1554,1990,2007,22.044,21.853,21.853
283,BRENDA MINES,FLNRO-WMB,49.868,-119.993,1493,1989,2023,14.671,100,100
286,TURTLE,FLNRO-WMB,50.803,-119.63,640,1991,2023,5.11,100,100
29,ZZ VIEW (FD7),FLNRO-WMB,49.388,-125.333,300,1989,2001,29.694,29.103,29.103
29092,Pennask Summit,MoTIe,49.907,-120.013,1700,1998,2023,3.816,44.5,44.5
291,GLIMPSE,FLNRO-WMB,50.27,-120.288,1311,1990,2023,14.605,100,100
292,D'ARCY,FLNRO-WMB,50.522,-122.498,346,1992,2023,8.121,100,100
294,MERRITT RS,FLNRO-WMB,50.087,-120.746,640,1989,2020,4.081,3.917,3.917
297,LYTTON FS,FLNRO-WMB,50.232,-121.587,295,1994,2009,8.05,7.703,7.703
298,FINTRY,FLNRO-WMB,50.207,-119.48,670,1990,2023,19.086,100,100
2A06P,Mount Revelstoke,ENV-ASP,51.033,-118.15,1830,1992,2008,22.96,14.647,14.647
2A21P,Molson Creek,ENV-ASP,52.233,-118.233,1980,1987,2008,21.699,19.448,19.448
2B06P,Barnes Creek,ENV-ASP,50.067,-118.35,1620,1992,2008,18.001,10.318,10.318
2B08P,St. Leon Creek,ENV-ASP,50.433,-117.7,1800,1992,2008,19.121,9.828,9.828
2C09Q,Morrissey Ridge,ENV-ASP,49.45,-114.967,1800,1987,2008,27.115,20.714,20.714
2C10P,Moyie Mountain,ENV-ASP,49.25,-115.767,1930,1988,2008,46.305,47.232,47.232
2C14P,Floe Lake,ENV-ASP,51.05,-116.133,2090,1992,2008,15.931,10.678,10.678
2D08P,East Creek,ENV-ASP,50.633,-116.933,2030,1987,2008,21.881,19.344,19.344
2E07P,Grano Creek,ENV-ASP,49.55,-118.683,1860,1997,2008,4.258,3.94,3.94
2F05P,Mission Creek,ENV-ASP,49.95,-118.95,1780,1969,2008,22.262,18.958,18.958
2F18P,Brenda Mine,ENV-ASP,49.883,-120,1460,1992,2008,17.581,16.46,16.46
2G03P,Blackwall Peak,ENV-ASP,49.1,-120.767,1940,1967,2008,18.389,20.459,20.459
3,ZZ FRANKLIN R.,FLNRO-WMB,49,-124.7,5,1970,1994,74.2,74.2,74.2
300,GOLDBRIDGE,FLNRO-WMB,50.853,-122.835,731,1998,2008,8.713,8.713,8.713
301,PEMBERTON BASE,FLNRO-WMB,50.381,-122.526,38,2001,2023,3.42,100,100
302,ASPEN GROVE,FLNRO-WMB,49.948,-120.62,1065,1998,2023,6.605,100,100
305,SPARKS LAKE (MB),FLNRO-WMB,50.923,-120.867,1036,1991,2023,16.904,100,100
306,FRENCH BAR (MB),FLNRO-WMB,51.03,-122.255,1341,1992,2023,23.091,100,100
307,LEIGHTON LK,FLNRO-WMB,50.617,-120.837,1204,1989,2023,14.08,100,100
309,GWYNETH LAKE (MB),FLNRO-WMB,50.797,-122.88,1250,1990,2023,20.775,100,100
31091,Hall Creek,MoTIe,49.373,-117.243,860,2001,2023,9.363,29.021,29.021
311,MCLEAN LK.,FLNRO-WMB,50.792,-121.358,1128,1988,2023,7.862,100,100
31321,Southridge,MoTIe,49.418,-117.161,1990,2001,2023,6.355,49.951,49.951
316,NAHATLATCH,FLNRO-WMB,49.902,-122.021,1400,2001,2023,2.233,100,100
317,ALLISON PASS,FLNRO-WMB,49.063,-120.767,1215,1989,2023,10.667,100,100
321,GREENSTONE HUB (WIND),FLNRO-WMB,50.612,-120.64,1829,1989,2023,6.274,100,100
322,AFTON,FLNRO-WMB,50.673,-120.482,780,1989,2023,8.637,100,100
32221,Strawberry Pass,MoTIe,49.204,-117.897,1600,1999,2023,9.289,42.159,42.159
324,ZZ BOSTON BAR,FLNRO-WMB,49.855,-121.435,150,1990,2004,28.213,27.849,27.849
325,STEMWINDER,FLNRO-WMB,49.38,-120.153,579,1990,2008,7.215,6.933,6.933
326,PASKA LAKE,FLNRO-WMB,50.504,-120.674,1440,1999,2023,7.577,100,100
328,PENTICTON RS,FLNRO-WMB,49.518,-119.553,427,1988,2023,4.682,100,100
33093,Anarchist Summit,MoTIe,49.006,-119.314,1097,2000,2023,3.229,24.789,24.789
33099,McCulloch,MoTIe,49.758,-119.126,1220,2001,2023,8.636,34.407,34.407
331,ASHNOLA (MB),FLNRO-WMB,49.14,-120.183,1335,1991,2023,23.774,100,100
33121,Blueberry,MoTIe,49.16,-118.109,1570,1993,2023,16.674,45.479,45.479
33122,Paulson Summit,MoTIe,49.244,-118.052,1535,1997,2023,6.844,42.561,42.561
334,MCCUDDY,FLNRO-WMB,49.148,-119.415,1067,1989,2023,10.314,100,100
336,ZZ IDA BELL LK II,FLNRO-WMB,49.737,-119.177,1250,1987,2004,50.29,49.984,49.984
341,ZZ KAL LK. II,FLNRO-WMB,50.237,-119.277,457,1987,1997,11.339,10.969,10.969
34126,Fish Lake,MoTIe,50.046,-117.179,1080,1999,2023,12.359,40.208,40.208
34128,London Ridge Low,MoTIe,50.046,-117.235,2070,1990,2023,28.537,72.182,72.182
34129,London Ridge High,MoTIe,50.049,-117.229,2160,1990,2011,37.327,80.41,80.41
34224,Lardeau,MoTIe,50.154,-116.968,1097,1995,2023,13.226,42.262,42.262
343,HOWARD,FLNRO-WMB,52.372,-118.659,838,1990,2022,26.61,100,100
344,SEYMOUR ARM (MB),FLNRO-WMB,51.273,-118.915,549,1990,2023,19.898,100,100
345,ZZ BIG MOUTH,FLNRO-WMB,51.829,-118.361,832,1993,2003,53.579,53.579,53.579
346,SALMON ARM,FLNRO-WMB,50.685,-119.235,527,1989,2023,4.596,100,100
34621,Coffee Creek,MoTIe,49.714,-116.907,610,1994,2023,14.988,25.816,25.816
34791,Summit Lake,MoTIe,50.148,-117.592,780,2005,2023,2.526,22.675,22.675
35,ZZ WACO LAKE,FLNRO-WMB,50.2,-126.1,6,1983,1997,57.836,57.836,57.836
350,ZZ TFL 33,FLNRO-WMB,50.92,-118.963,1250,1990,2004,34.911,34.661,34.661
35091,Canal Flats,MoTIe,49.994,-115.761,870,1997,2023,8.36,31.064,31.064
35092,Moyie,MoTIe,49.326,-115.829,975,2002,2023,4.108,21.979,21.979
352,CURWEN CREEK (MB),FLNRO-WMB,50.603,-118.423,1250,1990,2023,29.429,100,100
355,ZZ GOLDSTREAM,FLNRO-WMB,51.745,-118.658,632,1993,2005,30.504,29.904,29.904
361,TSAR CREEK,FLNRO-WMB,51.997,-118.103,1200,1990,2023,16.298,100,100
36124,Morrissey,MoTIe,49.39,-115.023,960,1998,2023,6.735,23.563,23.563
362,MABEL LK II,FLNRO-WMB,50.352,-118.773,488,1904,2023,70.941,100,100
363,REVELSTOKE FS,FLNRO-WMB,51.06,-118.217,680,1995,2023,8.899,100,100
364,ZZ SOR-NIE,FLNRO-WMB,51.471,-118.186,761,1994,2005,38.209,100,100
365,ZZ ORIG CRAWFORD,FLNRO-WMB,50.729,-117.943,1000,1994,2005,26.689,26.376,26.376
366,WHISKEY,FLNRO-WMB,51.065,-116.785,1300,1976,2023,43.083,100,100
367,MARION,FLNRO-WMB,51.042,-116.364,1300,1991,2023,15.242,100,100
37,BEAVER CREEK,FLNRO-WMB,49.377,-124.933,100,1987,2023,14.837,100,100
37091,Vermillion Pit,MoTIe,50.738,-116.176,870,2002,2023,3.667,28.049,28.049
37092,Nordic 2,MoTIe,51.507,-117.422,1041,2003,2023,3.759,33.613,33.613
37121,Kicking Horse,MoTIe,51.315,-116.878,1844,1989,2023,15.119,53.498,53.498
37122,Kicking Horse Solar,MoTIe,51.311,-116.885,1440,1995,2023,13.331,40.483,40.483
37126,Top of Ten Mile 2,MoTIe,51.273,-116.761,1140,2007,2023,2.514,33.384,33.384
37221,Toby Creek,MoTIe,50.455,-116.252,1130,2002,2023,11.944,41.621,41.621
37222,Little Dragon,MoTIe,50.434,-116.32,2380,2010,2023,3.204,58.872,58.872
373,ZZ DRIFTWOOD,FLNRO-WMB,50.846,-116.338,938,1989,2004,8.352,7.999,7.999
374,SUCCOUR CREEK,FLNRO-WMB,51.716,-117.542,1000,1990,2023,14.834,100,100
375,ZZ DONALD CREEK,FLNRO-WMB,51.431,-117.164,1300,1990,2003,37.02,36.59,36.59
376,TABERNACLE S/F (WIND),FLNRO-WMB,51.751,-117.761,2438,1997,2023,18.67,100,100
377,ZZ NAKUSP RS,FLNRO-WMB,50.252,-117.776,651,1989,2003,9.812,9.436,9.436
379,GOLD HILL,FLNRO-WMB,50.366,-117.064,800,1992,2023,15.127,100,100
380,POWDER CREEK,FLNRO-WMB,49.907,-116.855,1019,2001,2023,10.819,100,100
38121,3 Valley Remote,MoTIe,50.927,-118.445,1165,1986,2022,25.049,57.331,57.331
38124,Clanwilliam,MoTIe,50.962,-118.378,610,1999,2023,3.295,21.085,21.085
38222,Corbin Pass Low,MoTIe,51.193,-117.771,1615,1986,2023,16.628,54.032,54.032
38226,Corbin Pass High,MoTIe,51.201,-117.778,2135,1990,2023,26.348,72.599,72.599
38227,Albert Canyon,MoTIe,51.18,-117.765,870,1999,2023,5.904,32.113,32.113
38228,Laurie,MoTIe,51.19,-117.711,2260,2008,2023,4.957,57.717,57.717
383,FALLS CK,FLNRO-WMB,50.383,-117.88,790,2002,2023,8.002,100,100
38323,Caribou Ridge,MoTIe,51.518,-118.462,1740,1988,2023,15.144,56.286,56.286
38324,50 Mile,MoTIe,51.599,-118.601,650,2003,2023,2.964,22.846,22.846
38325,Fred Laing Ridge,MoTIe,52.04,-118.571,1080,1989,2023,16.828,46.929,46.929
38326,Mica,MoTIe,51.958,-118.562,565,2000,2023,3.328,23.897,23.897
384,HOWSER,FLNRO-WMB,50.366,-117.002,1300,1990,2010,25.635,25.297,25.297
38424,Galena Pass,MoTIe,50.708,-117.755,1570,1987,2023,17.855,53.842,53.842
385,DUNCAN,FLNRO-WMB,50.781,-117.18,1376,1992,2023,19.655,100,100
387,TROUT LAKE,FLNRO-WMB,50.621,-117.464,991,1990,2023,19.243,100,100
388,KETTLE II,FLNRO-WMB,49.96,-118.625,1341,1987,2023,27.052,100,100
39,ZZ CATS EARS (FD7),FLNRO-WMB,49.193,-125.385,500,1989,2001,37.903,37.286,37.286
390,BEAVERDELL,FLNRO-WMB,49.457,-119.088,807,1989,2023,7.07,100,100
391,8 MILE,FLNRO-WMB,49.433,-118.578,1338,1993,2023,23.987,100,100
39121,Kootenay Pass,MoTIe,49.058,-117.04,1780,1996,2023,28.382,69.105,69.105
39123,Stagleap,MoTIe,49.072,-117.084,2140,1977,2023,42.548,79.578,79.578
392,GRAND FORKS,FLNRO-WMB,49.031,-118.416,630,1989,2023,4.72,100,100
393,NICOLL,FLNRO-WMB,49.527,-118.36,866,1988,2023,23.639,100,100
394,ROCK CREEK,FLNRO-WMB,49.052,-118.937,609,1991,2023,5.081,100,100
396,OCTOPUS CREEK,FLNRO-WMB,49.699,-118.081,1432,2000,2023,13.16,100,100
398,CRESTON,FLNRO-WMB,49.038,-116.496,683,1989,2014,10.274,100,100
3A22P,Nostetuko River,ENV-ASP,51.25,-124.45,1500,1988,2008,14.918,11.566,11.566
3A24P,Upper Mosley Creek,ENV-ASP,51.783,-124.617,1650,1988,2008,9.176,8.86,8.86
3A25P,Upper Squamish River,ENV-ASP,50.15,-123.433,1340,1989,2008,13.72,13.281,13.281
3B17P,Wolf River (Upper),ENV-ASP,49.7,-125.667,1490,1987,2008,24.234,13.949,13.949
3B23P,Jump Creek,ENV-ASP,48.967,-124.283,1160,1995,2008,14.316,4.744,4.744
3C08P,Burnt Bridge Creek,ENV-ASP,52.483,-126.25,1330,1997,2008,10.01,7.146,7.146
4,ZZ ZEBALLOS,FLNRO-WMB,50,-126.8,2,1970,1995,55.806,55.806,55.806
40,ZZ BARNARD,FLNRO-WMB,48.407,-123.76,23,1991,2005,63.47,62.959,62.959
401,GOATFELL,FLNRO-WMB,49.125,-116.164,1098,1993,2023,9.231,100,100
402,PENDOREILLE,FLNRO-WMB,49.053,-117.413,813,1990,2023,15.161,100,100
404,SMALLWOOD,FLNRO-WMB,49.497,-117.448,997,1991,2023,6.499,100,100
406,SLOCAN,FLNRO-WMB,49.785,-117.44,1230,1991,2023,16.328,100,100
407,NANCY GREENE,FLNRO-WMB,49.254,-117.994,1397,1991,2023,14.309,100,100
408,NORNS (WIND),FLNRO-WMB,49.502,-117.787,2423,1992,2023,21.722,100,100
41091,West Twin Creek,MoTIe,53.44,-120.515,850,2001,2023,4.491,31.423,31.423
41092,Link Creek,MoTIe,55.501,-122.657,730,2002,2023,7.923,37.829,37.829
41093,Whiskers Point,MoTIe,54.904,-122.927,710,2002,2023,6.307,35.992,35.992
41094,Tamarack,MoTIe,53.831,-123.132,715,2003,2023,3.698,26.695,26.695
411,PALLISER,FLNRO-WMB,50.49,-115.658,1100,1997,2023,5.218,100,100
412,ELKO,FLNRO-WMB,49.283,-115.243,775,1997,2023,2.51,100,100
413,ZZ INVERMERE R/S,FLNRO-WMB,50.5,-116,0,1970,1984,58.478,58.478,58.478
417,TOBY,FLNRO-WMB,50.513,-116.055,894,1989,2023,4.369,100,100
418,FLATHEAD 2,FLNRO-WMB,49.071,-114.537,1311,1993,2023,18.562,100,100
419,JOHNSON LAKE,FLNRO-WMB,49.922,-115.737,853,1989,2023,4.557,100,100
42091,Dragon Lake,MoTIe,52.931,-122.439,659,2003,2023,2.809,21.814,21.814
421,DEWAR CREEK,FLNRO-WMB,49.785,-116.383,1608,1993,2023,15.021,100,100
42121,Sliding Mountain,MoTIe,53.157,-121.479,1675,1996,2023,8.294,44.948,44.948
422,ZZ BULL,FLNRO-WMB,49.903,-115.139,1326,1993,2004,29.783,29.783,29.783
423,BAKER HUB (WIND),FLNRO-WMB,49.456,-115.626,2262,1992,2008,15.82,15.694,15.694
425,EMILY CREEK,FLNRO-WMB,50.145,-115.977,1190,2002,2023,1.793,100,100
426,CRANBROOK FS,FLNRO-WMB,49.667,-115.848,996,2001,2023,0.895,100,100
427,NASS CAMP,FLNRO-WMB,55.288,-128.993,191,1989,2023,8.029,100,100
428,KISPIOX,FLNRO-WMB,55.435,-127.647,335,1989,2023,7.227,100,100
429,CEDARVALE,FLNRO-WMB,55.027,-128.313,274,1989,2023,3.774,100,100
43,ZZ NANOOSE,FLNRO-WMB,49.3,-124.2,1,1970,1997,79.399,79.399,79.399
430,VAN DYKE,FLNRO-WMB,56.017,-129.097,305,1992,2023,27.38,100,100
43091,Braden Road,MoTIe,55.782,-120.763,760,2002,2023,2.047,30.621,30.621
431,UPPER KISPIOX,FLNRO-WMB,55.6,-128.042,410,1989,2023,20.758,100,100
432,BELL-IRVING,FLNRO-WMB,56.348,-129.293,450,1995,2023,22.698,100,100
433,CRANBERRY,FLNRO-WMB,55.577,-128.705,500,1995,2023,17.72,100,100
437,NOEL,FLNRO-WMB,55.296,-120.486,988,1996,2023,16.061,100,100
438,ELK MOUNTAIN,FLNRO-WMB,59.334,-125.511,437,1993,2023,23.78,100,100
440,FIRESIDE,FLNRO-WMB,59.723,-127.335,731,1996,2023,19.35,100,100
44091,73 Mile,MoTIe,56.542,-121.253,850,2002,2023,2.075,35.595,35.595
441,ZZ COAL RIVER,FLNRO-WMB,59.7,-127,5,1979,1995,68.569,68.569,68.569
444,KETCHIKA,FLNRO-WMB,58.727,-127.125,687,1996,2023,15.256,100,100
445,BOYA LAKE,FLNRO-WMB,59.368,-129.11,730,1995,2023,24.005,100,100
45,SALTSPRING 2,FLNRO-WMB,48.774,-123.474,34,2001,2023,1.812,100,100
46,SECHELT ORCHARD,FLNRO-WMB,49.45,-123.719,75,1999,2009,2.004,2.004,2.004
46094,Chappel Creek,MoTIe,52.386,-119.18,786,2000,2023,6.379,28.297,28.297
46127,Robson Roadside,MoTIe,53.033,-119.2,944,1994,2023,8.79,36.763,36.763
47091,Lee's Hill,MoTIe,51.937,-122.986,1090,1997,2023,2.669,26.951,26.951
47092,Enterprise,MoTIe,51.961,-121.793,730,2003,2023,2.589,21.784,21.784
47122,Heckman Pass,MoTIe,52.435,-125.874,975,1994,2023,12.659,38.923,38.923
4A02P,Pine Pass,ENV-ASP,55.35,-122.633,1400,1988,2008,23.819,18.063,18.063
4A09P,Pulpit Lake,ENV-ASP,57.533,-126.783,1310,1989,2008,24.6,19.83,19.83
4A27P,Kwadacha River,ENV-ASP,57.617,-125.067,1620,1987,2008,18.694,18.382,18.382
4A30P,Aiken Lake,ENV-ASP,56.45,-125.733,1040,1987,2008,26.733,22.154,22.154
4B15P,Lu Lake,ENV-ASP,54.2,-126.3,1310,1997,2008,4.441,4.1,4.1
4B16P,Shedin Creek,ENV-ASP,55.85,-127.7,1480,1995,2008,7.271,2.957,2.957
4B17P,Tsai Creek,ENV-ASP,54.65,-127.667,1360,1997,2008,6.052,3.294,3.294
4C09P,Deadwood River,ENV-ASP,59.25,-128.317,1300,1990,2008,84.695,9.843,9.843
4D08P,Forrest Kerr Creek,ENV-ASP,56.95,-130.783,560,1990,2001,69.005,15.861,15.861
4D10P,Tumeka Creek,ENV-ASP,57.233,-129.717,1220,1989,2008,78.985,23.306,23.306
4D11P,Kinaskan Lake,ENV-ASP,57.567,-130.25,1020,1990,2008,79.249,8.383,8.383
4D14P,Wade Lake,ENV-ASP,58.183,-128.9,1370,1989,2008,76.415,13.506,13.506
503,BAKER 2 HUB,FLNRO-WMB,49.456,-115.626,2262,2007,2023,2.848,100,100
51,ZZ M.B.,FLNRO-WMB,49.2,-124.4,7,1978,1992,54.528,54.528,54.528
51121,Junction Meadows Raws,MoTIe,56.118,-129.667,1290,1986,1996,37.001,77.882,77.882
51123,Windy Point Lower,MoTIe,56.11,-129.515,1035,1986,2020,21.943,54.627,54.627
51124,Windy Point Upper,MoTIe,56.117,-129.526,1490,1986,2023,14.205,63.56,63.56
51125,Disraeli,MoTIe,56.1,-129.752,2000,1991,2023,9.711,65.661,65.661
51126,Endgoal,MoTIe,56.1,-129.512,370,1995,2023,23.639,42.829,42.829
51127,Summit Sluff Wind,MoTIe,56.106,-129.654,540,1990,2023,25.345,43.958,43.958
51128,Kettle Hole,MoTIe,56.103,-129.633,440,1996,2023,9.485,35.588,35.588
51129,Stewart,MoTIe,55.948,-129.983,15,2004,2023,5.158,19.507,19.507
51191,Cranberry Junction,MoTIe,55.632,-128.673,356,2001,2023,9.705,28.318,28.318
52,ZZ CAMP,FLNRO-WMB,49.3,-124.3,1,1981,1995,56.643,56.643,56.643
52091,Legate Creek,MoTIe,54.746,-128.261,130,1998,2023,3.271,17.09,17.09
52092,Rosswood,MoTIe,54.937,-128.894,280,2000,2023,2.521,17.567,17.567
52093,Onion Lake,MoTIe,54.302,-128.538,220,2000,2023,2.783,15.424,15.424
52322,Kasiks High,MoTIe,54.302,-129.443,1435,1975,2023,31.585,66.435,66.435
52325,Kasiks Low,MoTIe,54.304,-129.418,732,1989,2023,12.718,33.256,33.256
52326,Salvus,MoTIe,54.314,-129.354,10,1994,2023,6.05,17.228,17.228
52327,Rainbow Summit,MoTIe,54.229,-130.078,110,1997,2011,4.342,7.689,7.689
52401,Shames,MoTIe,54.485,-128.956,740,2010,2023,5.257,31.166,31.166
52521,Iknouk,MoTIe,55.01,-129.776,860,2000,2023,14.158,33.844,33.844
52522,Iknouk Road,MoTIe,55.002,-129.881,30,2009,2023,2.65,12.382,12.382
53121,Snowbank High,MoTIe,56.764,-129.983,1675,1990,2003,20.197,76.503,76.503
53122,Snowbank Mid,MoTIe,56.777,-129.973,1065,1990,2023,9.446,52.768,52.768
53123,Gamma,MoTIe,56.947,-130.107,1175,1998,2023,6.383,48.015,48.015
53125,Snowbank Road,MoTIe,56.754,-129.935,588,2006,2023,2.09,34.925,34.925
53126,Carl's Corner,MoTIe,56.929,-130.09,504,2006,2023,3.136,30.873,30.873
53127,Gamma High,MoTIe,56.951,-130.095,1540,2008,2023,3.959,55.858,55.858
53128,Revision,MoTIe,56.795,-129.975,1500,2008,2023,3.206,54.433,54.433
53221,Jade City,MoTIe,59.249,-129.657,940,2004,2023,3.301,45.243,45.243
53321,Telegraph,MoTIe,57.913,-131.131,290,2003,2023,2.206,36.325,36.325
54091,Hungry Hill,MoTIe,54.482,-126.744,820,2001,2023,2.246,31.029,31.029
55091,Stearns,MoTIe,54.192,-125.536,719,2003,2023,2.689,29.4,29.4
56,BOWSER,FLNRO-WMB,49.437,-124.703,184,1989,2023,3.808,100,100
59,CEDAR,FLNRO-WMB,49.048,-123.875,100,1989,2023,4.734,100,100
599,FORT NELSON FS,FLNRO-WMB,58.838,-122.575,382,1999,2023,9.723,100,100
60,ZZ SALTSPRING,FLNRO-WMB,48.778,-123.453,150,1991,2001,13.939,13.083,13.083
63093,Cochrane,MoTIe,49.371,-124.616,115,2000,2023,7.044,9.559,9.559
63094,Kennedy Lake,MoTIe,49.101,-125.452,35,2010,2023,6.931,12.186,12.186
64091,Tsitika Summit,MoTIe,50.282,-126.355,436,2002,2023,11.352,17.286,17.286
64093,North Courtenay,MoTIe,49.83,-125.19,100,2002,2023,2.156,5.648,5.648
65,ZZ GROUSE,FLNRO-WMB,49.4,-123.1,981,1973,1988,75.926,75.926,75.926
654,HOLY CROSS 2,FLNRO-WMB,53.936,-124.776,961,1998,2023,21.397,100,100
66,BIG SILVER,FLNRO-WMB,49.691,-121.86,8,1992,2007,27.33,26.852,26.852
67,HAIG CAMP,FLNRO-WMB,49.369,-121.492,162,2002,2023,2.864,100,100
692,ZZ MOOSE,FLNRO-WMB,51.6,-120.9,1064,1992,2004,86.896,86.896,86.896
72,UBC RESEARCH,FLNRO-WMB,49.265,-122.573,98,1990,2023,7.661,100,100
73,ZZ RED MTN,FLNRO-WMB,49.2,-122.3,504,1981,1994,59.137,59.137,59.137
74,CHILLIWACK NURSERY,FLNRO-WMB,49.098,-121.663,295,1990,2010,17.828,17.495,17.495
75,TOBA CAMP,FLNRO-WMB,50.568,-124.073,1,1998,2023,10.56,100,100
758,ZZ BUSH RIVER,FLNRO-WMB,51.5,-117.2,8,1989,1999,94.145,94.145,94.145
76,ZZ SQUAMISH R/S,FLNRO-WMB,49.7,-123.1,0,1970,1988,70.018,70.018,70.018
764,ZZ CARIBOU,FLNRO-WMB,51.1,-117.1,16,1989,1999,72.159,72.159,72.159
770703,Pine River Gas Plant,ENV-AQN,55.575,-121.921,1113,2001,2020,100,47.184,47.184
770708,Taylor Townsite,ENV-AQN,56.151,-120.686,480,2000,2020,100,40.099,40.099
78,ZZ JERVIS,FLNRO-WMB,50.2,-123.6,5,1971,1990,84.487,84.487,84.487
788,ROUND PRAIRIE,FLNRO-WMB,50.087,-114.9,1647,2001,2023,5.843,100,100
789,NEGRO CK,FLNRO-WMB,49.454,-115.987,1572,2001,2023,1.908,100,100
79,ZZ KNIGHT INLET,FLNRO-WMB,51.1,-125.6,0,1970,1982,62.589,62.589,62.589
790,WHITE RIVER,FLNRO-WMB,50.185,-115.266,1357,2000,2023,3.706,100,100
791,CHERRY LAKE,FLNRO-WMB,49.188,-115.542,1372,1999,2023,3.887,100,100
793,CARIBOO CK,FLNRO-WMB,51.177,-117.23,1518,2001,2021,5.136,100,100
8,ZZ SARITA,FLNRO-WMB,48.8,-124.9,3,1978,1991,61.248,61.248,61.248
802,ZZ CANAL FLATS,FLNRO-WMB,50.1,-115.8,846,1991,2001,61.748,61.748,61.748
82,SCAR CREEK,FLNRO-WMB,51.19,-125.028,50,1995,2023,10.536,100,100
832,CHURN CREEK,FLNRO-WMB,51.403,-122.32,1100,2003,2023,10.329,100,100
836,AUGUST LAKE,FLNRO-WMB,49.434,-120.457,855,2003,2023,12.358,100,100
838,AKOKLI CREEK,FLNRO-WMB,49.436,-116.746,821,2003,2023,5.995,100,100
865,BRISCO,FLNRO-WMB,50.819,-116.245,930,2004,2023,0.084,100,100
866,BLAEBERRY,FLNRO-WMB,51.436,-117.057,861,2004,2023,1.538,100,100
868,BIG-MOUTH 2,FLNRO-WMB,51.853,-118.591,1091,2004,2023,13.242,100,100
873,CRAWFORD,FLNRO-WMB,50.765,-117.958,887,2004,2023,5.533,100,100
876,IDA BELL III,FLNRO-WMB,49.767,-119.124,1300,2004,2023,5.834,100,100
882,SICAMOUS,FLNRO-WMB,50.864,-119.002,1050,2004,2023,4.06,100,100
886,GOATHAVEN,FLNRO-WMB,49.667,-115.214,1051,2004,2023,5.013,100,100
9,ZZ BR417,FLNRO-WMB,48.8,-125,1,1978,1992,87.476,87.476,87.476
903,CARROTT LAKE,FLNRO-WMB,53.4,-124.44,1000,2005,2019,12.231,100,100
904,HAGENSBORG II,FLNRO-WMB,52.387,-126.59,50,2005,2023,1.676,100,100
905,DOWNIE,FLNRO-WMB,51.515,-118.272,757,2005,2023,12.298,100,100
91,ZZ JUSKATLA,FLNRO-WMB,53.7,-132.3,5,1982,1994,53.241,53.241,53.241
919,GOLDSTREAM II,FLNRO-WMB,51.669,-118.487,1333,2005,2023,9.036,100,100
93,HONNA,FLNRO-WMB,53.255,-132.135,100,1990,2023,20.053,100,100
934,MESACHIE 2,FLNRO-WMB,48.818,-124.136,210,2006,2023,6.34,100,100
938,PINE CREEK,FLNRO-WMB,54.684,-127.326,1320,2006,2023,12.756,100,100
944,TS SAN JUAN,FLNRO-WMB,48.571,-124.201,296,2006,2023,2.293,100,100
945,TS NAKA CREEK,FLNRO-WMB,50.369,-126.434,510,2006,2023,1.94,100,100
956,TS EFFINGHAM,FLNRO-WMB,49.17,-125.282,632,2006,2023,3.608,100,100
97,ZZ COPPER,FLNRO-WMB,53.15,-131.86,287,1990,2005,28.794,28.281,28.281
977,ANDERSON CREEK,FLNRO-WMB,49.655,-121.358,630,1904,2023,86.541,100,100
99,ZZ FIRVALE,FLNRO-WMB,52.5,-126.3,0,1970,1982,59.015,59.015,59.015
995,TS ARTLISH,FLNRO-WMB,50.132,-126.928,130,2007,2023,0.372,100,100
AKI,Akie nr the 760m contour,BCH,57.188,-124.896,760,1982,2023,5.027,3.443,3.443
AKN,Aiken Lake,BCH,56.437,-125.742,970,1960,2023,0.627,1.714,1.714
ALU,Alouette Lake forebay,BCH,49.287,-122.486,125,1960,2023,75.549,0.249,0.249
ASH,Elsie Lk forebay,BCH,49.441,-125.144,340,1980,2023,1.148,1.154,1.154
BAR,Barnes Ck,BCH,50.066,-118.349,1620,1960,2023,0.12,0.12,0.12
BCK,Bear Ck Res.,BCH,48.503,-123.914,419,1980,2023,0.567,0.574,0.574
BIR,Columbia R. @ Birchbank,BCH,49.178,-117.716,410,1987,2023,14.33,2.2,2.2
Blackhawk,Blackhawk,FLNRO-FERN,55.079,-120.352,962.492,2012,2023,0,0,0
BLN,Bralorne Upper,BCH,50.799,-122.745,1920,1984,2023,0.4,0.4,0.4
BMN,Brenda Mines,BCH,49.868,-119.989,1460,1993,2023,1.232,3.026,3.026
BoulderCr,Boulder Creek,FLNRO-FERN,55.108,-127.375,385.101,2010,2022,13.063,13.063,13.063
BRI,Bridge R. blw Glacier,BCH,50.856,-123.45,1350,1982,2023,9.563,2.978,2.978
BUL,Bull R. @ Wardner,BCH,49.493,-115.364,800,1982,2023,4.16,5.133,5.133
BVR,Beaver R. nr the Mouth,BCH,51.51,-117.462,780,1985,2021,4.461,4.305,4.305
Canoe,Canoe Mountain Stn,FLNRO-FERN,52.71,-119.191,2210,2012,2023,16.722,16.722,16.722
CHK,Cheakamus R. ab Millar Ck,BCH,50.08,-123.034,640,1960,2023,0.563,1.593,1.593
CHW,Chowade Upper,BCH,56.637,-122.779,1480,1980,2023,0.865,2.532,2.532
CLO,Clowhom Falls,BCH,49.708,-123.522,10,1960,2023,0.382,0.421,0.421
CLW,Clowhom R. nr Clowhom Lake,BCH,49.788,-123.42,125,1993,2023,11.123,9.796,9.796
CMS,Daisy Lake Dam,BCH,49.975,-123.135,390,1960,2016,0,0,0
CMU,Upper Cheakamus,BCH,50.122,-123.133,880,1960,2023,0.249,0.249,0.249
CMX,Comox Dam forebay,BCH,49.643,-125.094,135,1980,2023,0.759,0.765,0.765
COQ,Coquitlam Lake forebay,BCH,49.356,-122.78,160,1960,2023,77.511,2.212,2.212
COX,Comox Lake @ Courtenay,BCH,49.64,-125.08,140,1993,2021,5.445,6.475,6.475
CQM,Coquitlam R. ab Lake,BCH,49.488,-122.792,290,1960,2023,0.511,0.511,0.511
CRU,Cruickshank R. nr the Mouth,BCH,49.579,-125.201,150,1980,2023,0.759,0.765,0.765
CrystalLk,Crystal Lake,FLNRO-FERN,54.423,-122.628,744.027,2010,2022,3.412,3.412,3.412
CSC,Coursier Lake - climate,BCH,50.721,-118.101,1265,1996,2017,16.627,2.985,2.985
DBC,Duncan R. blw BB Ck,BCH,50.638,-117.049,590,1960,2023,2.474,2.912,2.912
DCN,Duncan Res. @ Duncan Dam,BCH,50.255,-116.948,580,1984,2023,7.751,4.621,4.621
E208096,Quesnel Senior Secondary,ENV-AQN,52.982,-122.492,500,2007,2019,100,66.05,66.05
E224014,Prince George Glenview School,ENV-AQN,53.996,-122.776,750,1996,2019,100,40.066,40.066
E225267,Burns Lake Fire Centre,ENV-AQN,54.231,-125.764,652,1997,2020,100,34.293,34.293
E230557,Telkwa,ENV-AQN,54.691,-127.055,510,1998,2017,100,46.669,46.669
E230617,Ainsworth 100 Mile,ENV-AQN,51.653,-121.365,1063,1998,2017,100,41.266,41.266
E231866,Victoria Topaz,ENV-AQN,48.442,-123.363,31,2001,2020,100,45.369,45.369
E233625,Qualicum Beach Jones Street,ENV-AQN,49.339,-124.452,98,1999,2009,100,5.563,5.563
E234230,Taylor South Hill,ENV-AQN,56.106,-120.663,686,2000,2020,100,48.593,48.593
E237631,Pine River Hasler,ENV-AQN,55.606,-121.972,610,2001,2020,100,43.441,43.441
E237758,Trail Columbia Gardens Airport,ENV-AQN,49.045,-117.607,418,1999,2020,100,45.148,45.148
E238705,Powell River Pacifica,ENV-AQN,49.874,-124.556,45,2000,2020,100,44.302,44.302
E243003,Golden Lady Grey School,ENV-AQN,51.296,-116.972,773,2000,2020,100,40.944,40.944
E248623,Williams Lake Canadian Tire,ENV-AQN,52.118,-122.131,578,2002,2017,100,50.935,50.935
E248774,Kwoen Gas Plant,ENV-AQN,55.378,-121.705,665,2002,2020,100,77.671,77.671
E249492,Vernon Science Centre,ENV-AQN,50.261,-119.27,385,2003,2020,100,47.933,47.933
E254955,Hope Othello Compressor Station,ENV-AQN,49.383,-121.365,228,2004,2020,100,59.963,59.963
E257435,Birch Bank Golf Course,ENV-AQN,49.158,-117.733,527,2004,2020,100,50.872,50.872
E262779,Grand Forks Airport,ENV-AQN,49.015,-118.427,520,2006,2020,100,56.383,56.383
E264682,Merritt Parcel Street,ENV-AQN,50.105,-120.792,603,2006,2020,100,58.691,58.691
E269223,Vanderhoof Courthouse,ENV-AQN,54.016,-124.006,638,2007,2020,100,62.584,62.584
E274205,Valemount Courthouse,ENV-AQN,52.833,-119.268,792,2008,2019,100,76.28,76.28
EAC,East Ck - snowpillow,BCH,50.64,-116.93,2030,1960,2023,0.12,1.117,1.117
ELK,Elk R. ab Campbell Lk,BCH,49.857,-125.813,270,1980,2019,0.214,0.221,0.221
ELR,Elk R. @ Fernie,BCH,49.51,-115.07,1000,1982,2019,0.442,2.014,2.014
ERC,Eric Ck,BCH,49.605,-125.288,280,1980,2023,1.148,1.154,1.154
FDL,Fidelty Mtn.,BCH,51.237,-117.701,1800,1982,2023,4.371,3.373,3.373
FIN,Finlay R. ab Akie R.,BCH,57.125,-125.249,711,1960,2023,2.212,2.212,2.212
FLK,Floe Lk,BCH,51.06,-116.137,2090,1993,2023,28.605,28.426,28.426
FST,Kootenay R. @ Fort Steele,BCH,49.611,-115.635,770,1982,2023,7.422,8.131,8.131
GLD,Gold R. nr Ucona R.,BCH,49.706,-126.106,10,1993,2023,2.912,5.049,5.049
GOC,Gold Ck,BCH,49.447,-122.477,794,1960,2023,0.249,0.249,0.249
GOL,Goldstream R. blw Old Camp Ck,BCH,51.668,-118.597,600,1960,2023,2.212,3.402,3.402
GRN,Green Mtn.,BCH,50.796,-122.925,1780,1984,2023,28.161,1.769,1.769
GRP,Glacier nr Roger's Pass,BCH,51.27,-117.509,1182,1982,2023,0.602,0.187,0.187
GRT,Kinbasket Lake blw Garrett,BCH,51.877,-117.878,770,1985,2023,4.586,5.102,5.102
HEB,Heber R. nr Gold R.,BCH,49.815,-125.986,215,1993,2021,2.526,3.352,3.352
HFF,Halfway R. @ Farrell Ck,BCH,56.251,-121.629,480,1981,2023,1.408,0.846,0.846
Hourglass,Hourglass,FLNRO-FERN,55.213,-120.772,1131.2,2012,2023,0,0,0
HRN,Horn Ck,BCH,56.735,-123.606,1450,1981,2023,1.147,1.954,1.954
HUR,Hurley R. ab Lone Goat Ck,BCH,50.73,-122.942,990,1984,2023,4.908,6.207,6.207
ILL,Illecilliwaet R. @ Greeley,BCH,51.013,-118.083,500,1984,2023,5.16,5.224,5.224
ING,Ingenika R. ab Swannell R.,BCH,56.731,-125.103,711,1960,2023,1.954,1.954,1.954
JHT,John Hart sub-station,BCH,50.043,-125.309,15,1993,2023,5.936,7.067,7.067
Kluskus,Kluskus,FLNRO-FERN,53.398,-124.513,1110.35,2010,2022,4.307,100,100
KWA,Kwadacha North - snowpillow,BCH,57.623,-125.073,1554,1980,2023,3.467,6.323,6.323
LJU,LaJoie Upper,BCH,50.859,-123.183,1829,1984,2016,0,0,0
LST,Williston @ Lost Cabin Ck,BCH,56.051,-123.747,712,1983,2023,17.868,5.664,5.664
M101004,Crofton,ENV-AQN,48.88,-123.646,20,1990,2009,100,8.916,8.916
M101110,Saturna Met,ENV-AQN,48.774,-123.17,445,1985,1995,100,3.057,3.057
M102038,Harmac Pacific,ENV-AQN,49.135,-123.848,23,1996,2020,100,34.381,34.381
M104270,Squamish,ENV-AQN,49.7,-123.154,10,1985,2009,100,0.705,0.705
M104273,Langdale Ferry Terminal,ENV-AQN,49.434,-123.472,15,1987,2009,100,35.924,35.924
M106008,Kitimat Eurocan Dock,ENV-AQN,53.995,-128.678,10,1996,2009,100,2.366,2.366
M106009,Kitimat Haul Road,ENV-AQN,54.03,-128.702,2,1996,2009,100,0.172,0.172
M106010,Kitimat Whitesail,ENV-AQN,54.068,-128.64,119,1997,2009,100,0.176,0.176
M107004,Houston Firehall,ENV-AQN,54.397,-126.645,594,1994,2020,100,31.422,31.422
M107005,Smithers St Josephs,ENV-AQN,54.783,-127.177,481,1994,2009,100,1.297,1.297
M107028,Terrace BC Access Centre,ENV-AQN,54.518,-128.597,80,1996,2009,100,1.667,1.667
M109912,Prince George Plaza 400,ENV-AQN,53.913,-122.741,595,1984,2009,100,4.385,4.385
M109913,Prince George Northwood,ENV-AQN,53.968,-122.691,577,1987,2009,100,0,0
M109914,Prince George Pulp,ENV-AQN,53.924,-122.686,600,1987,2020,100,24.572,24.572
M110510,Pitt Meadows,ENV-AQN,49.217,-122.717,3,1986,1996,100,4.181,4.181
M110513,Surrey Echo,ENV-AQN,49.19,-122.798,82,1985,1996,100,7.489,7.489
M111065,Quesnel Linden,ENV-AQN,53.01,-122.504,543,1990,2009,100,7,7
M111068,Glendale,ENV-AQN,52.152,-122.174,628,1990,2009,100,0.627,0.627
M111073,Quesnel CP,ENV-AQN,52.992,-122.488,488,1991,2020,100,29.337,29.337
M112070,Kelowna College,ENV-AQN,49.861,-119.475,300,1994,2009,100,0.466,0.466
M114009,Celgar Pulp,ENV-AQN,49.333,-117.719,449,1999,2020,100,39.588,39.588
M114018,Creston PC School,ENV-AQN,49.094,-116.512,609,1995,2007,100,7.696,7.696
M114902,Trail,ENV-AQN,49.096,-117.696,977,1985,2009,100,13.099,13.099
M115024,Skookumchuck,ENV-AQN,49.837,-115.746,783,1987,2005,100,6.113,6.113
M116003,Kamloops Brocklehurst,ENV-AQN,50.697,-120.397,347,1996,2009,100,0,0
MacJxn,Mackenzie Jxn,FLNRO-FERN,55.138,-122.977,718.723,2010,2022,3.895,3.895,3.895
MCQ,McQue Terrace,BCH,56.981,-123.404,1200,1980,2023,0.865,2.538,2.538
MES,Mesilinka R. ab Gopherhole Ck,BCH,56.245,-124.644,728,1983,2002,0,0.014,0.014
MIS,Mission Ridge,BCH,50.763,-122.208,1850,1984,2023,0.407,0.414,0.414
MOB,Moberly R. @ Ft. St. John,BCH,56.093,-121.347,600,1982,2023,0.973,1.337,1.337
MOL,Molson Ck,BCH,52.222,-118.226,1935,1984,2023,0.442,1.802,1.802
MOR,Morrissey Ridge,BCH,49.447,-114.975,1860,1983,2023,0.479,0.397,0.397
MTR,Mt. Revelstoke,BCH,51.039,-118.15,1850,1993,2023,1.425,3.117,3.117
NAT,Nation R. nr the Mouth,BCH,55.43,-123.61,725,1982,2017,0.223,2.673,2.673
NTY,North Tyaughton Ck,BCH,51.148,-122.794,1969,1984,2023,3.826,3.826,3.826
OMI,Ominica R. ab Osilinka R.,BCH,55.94,-124.56,715,1983,2017,6.844,2.458,2.458
OSL,Osilinka R. nr End Lk,BCH,56.127,-124.801,775,1982,2017,1.422,2.686,2.686
OSP,Ospika R. ab Alley Ck,BCH,56.46,-123.93,750,1960,2017,0,1.397,1.397
PAK,Pack R. @ outlet of Mcleod Lk,BCH,54.998,-123.037,675,1960,2023,2.07,3.29,3.29
PAR,Parsnip Upper,BCH,54.612,-122.146,790,1960,2023,5.21,6.434,6.434
PMD,GMS Hudson's Hope,BCH,56.013,-122.183,720,1985,2023,5.412,17.055,17.055
PNK,Pink Mtn.,BCH,57.002,-122.354,1204,1980,2023,1.107,2.932,2.932
PRS,Parsnip R. ab Misinchinka R.,BCH,55.08,-122.9,700,1983,2023,0.533,0.397,0.397
PUL,Pulpit Lk,BCH,57.548,-126.749,1311,1989,2023,1.823,22.452,22.452
PYN,Pine Pass,BCH,55.353,-122.637,1400,1988,2023,1.615,3.457,3.457
QBY,Queen's Bay -  elevation,BCH,49.654,-116.93,545,1987,2023,8.416,4.988,4.988
QIN,Quinsam R. @ Argonaut Brg,BCH,49.93,-125.5,280,1993,2017,0.295,1.982,1.982
QSM,Quinsam R. nr Campbell R.,BCH,50.029,-125.3,15,1985,2017,0.428,1.49,1.49
SAM,Salmon R. ab the Diversion,BCH,50.092,-125.672,215,1985,2017,0,1.824,1.824
SCA,Strathcona Dam,BCH,49.997,-125.584,227,1980,2016,0,0.008,0.008
SGL,Sugar Lake Res. @ Outlet,BCH,50.35,-118.53,675,1999,2023,12.449,7.945,7.945
SLK,St. Leon Ck,BCH,50.434,-117.701,1800,1993,2023,0.953,2.262,2.262
SON,Shalalth,BCH,50.728,-122.242,290,1984,2016,0,0,0
STA,Stave R. ab Stave Lk,BCH,49.556,-122.322,330,1960,2023,1.95,1.95,1.95
STV,Stave R. Upper,BCH,49.624,-122.402,930,1960,2023,0.249,0.249,0.249
WAH,Wahleach (Jones) Res.,BCH,49.232,-121.619,641,1960,2023,15.393,15.38,15.38
WOL,Wolf R. Upper,BCH,49.681,-125.742,1490,1980,2023,23.674,23.234,23.234
WON,Wonowon,BCH,56.729,-121.804,910,1980,2023,1.107,2.938,2.938
WSC,Williston @ Schooler Ck,BCH,56.106,-122.716,676,1982,2023,31.485,20.571,20.571
